mentor_id,rating,n_reviews
mentor_0e59e697,3.0,36
mentor_936d7c44,2.9,37
mentor_b5d772e9,3.3,23
mentor_2b0f97f6,4.9,25
mentor_deab40c7,3.9,20
mentor_fb660425,3.6,21
mentor_13adc44c,5.0,41
mentor_c808b1d5,3.8,58
mentor_039f8231,3.2,35
mentor_ba7bc49e,3.5,25
mentor_7ae45aa0,3.4,2
mentor_b7d4514a,3.3,21
mentor_503f57f3,4.2,12
mentor_f96942c9,4.8,23
mentor_f7bdfb66,3.9,20
mentor_ccb61416,4.4,17
mentor_d66d90bc,3.4,35
mentor_3f55fe53,3.3,17
mentor_d539ab4f,4.8,28
mentor_f0c0ffdf,3.9,15
mentor_e78ce72e,4.3,47
mentor_6c95988c,3.7,7
mentor_72a12638,3.5,20
mentor_51cbcde3,3.2,39
mentor_29ef82e3,3.6,22
mentor_ea98b4b2,4.6,34
mentor_9d9d4fae,2.9,28
mentor_b47ad6ac,3.0,35
mentor_5a31b4e1,4.5,2
mentor_f0326589,3.0,9
mentor_4a1ee60f,1.7,40
mentor_085cc4b3,4.1,13
mentor_9163ff57,3.8,15
mentor_e6d22ba3,4.0,17
mentor_d26e72e7,3.3,22
mentor_6c56c753,4.8,6
mentor_3849f98b,3.8,8
mentor_d6833a52,3.4,12
mentor_dd6f22dc,3.1,24
mentor_cad81e83,4.6,23
mentor_ed6c3567,4.2,28
mentor_603eaf76,3.5,34
mentor_812d5dbf,3.6,18
mentor_fb27c6d5,2.7,15
mentor_b51e4dfc,3.4,39
mentor_9ee51997,4.2,46
mentor_9750c5ad,4.2,15
mentor_b5a4ff15,4.0,23
mentor_b8bbd677,3.3,26
mentor_63bdea56,2.0,32
mentor_0b08b179,3.6,9
mentor_bf24227d,4.1,2
mentor_fca57864,4.2,24
mentor_5c79d322,3.1,18
mentor_e1930481,3.0,29
mentor_00977aa3,3.7,31
mentor_ac066c18,4.1,27
mentor_72f6b855,3.8,29
mentor_e291204f,3.7,2
mentor_a33c1349,4.2,41
mentor_ff1150b5,3.1,15
mentor_424ee53b,3.8,29
mentor_6243d498,4.7,9
mentor_6119238e,4.4,14
mentor_89af1f2e,3.6,7
mentor_736bfe55,3.3,24
mentor_0c520a46,3.5,9
mentor_c81b5318,2.8,13
mentor_e2a907f4,4.6,4
mentor_888204c8,3.3,3
mentor_9f49a7c6,4.7,19
mentor_d7bd8a25,4.6,22
mentor_0bcc7a68,3.7,7
mentor_3664ddff,3.9,40
mentor_3baf3f39,3.8,36
mentor_a9e8aac2,3.7,21
mentor_de8cf19e,3.9,12
mentor_efad3b2a,3.7,4
mentor_d92a24cb,2.5,22
mentor_aeab2968,3.5,32
mentor_f548974e,4.7,26
mentor_b2d6daa4,5.0,33
mentor_64434b3b,3.2,25
mentor_fb62e2fb,3.2,36
mentor_be1d053a,3.3,45
mentor_228eb8de,3.7,18
mentor_69ba3329,3.4,29
mentor_8ec7dbb5,3.0,28
mentor_29f33a59,3.8,31
mentor_8acf264f,3.6,22
mentor_ba1dff22,3.0,18
mentor_9a67caac,4.4,31
mentor_9564a2f1,2.0,31
mentor_0e3dfb65,4.5,14
mentor_6da5f668,4.1,22
mentor_d7a294cd,3.4,36
mentor_f91ebba6,3.5,8
mentor_e1ddcbed,4.4,21
mentor_c8541584,3.0,2
mentor_da76ea0c,3.0,40
mentor_40a8fdc6,3.0,53
mentor_2add607b,4.7,22
mentor_ff08ed4f,2.8,19
mentor_615cca08,2.7,46
mentor_6715d708,3.5,22
mentor_49610000,4.7,51
mentor_bdbb5078,3.0,43
mentor_eb5c9134,3.5,36
mentor_26efd06d,3.9,49
mentor_c8e061bb,3.4,24
mentor_dfa853f0,3.5,8
mentor_d88f2e6c,3.5,28
mentor_266c2e85,3.0,19
mentor_4f496cf3,3.0,36
mentor_323bccce,4.0,10
mentor_18a38f03,3.0,53
mentor_1a7ff0cb,4.0,4
mentor_6e507e0a,3.4,41
mentor_5caa765a,2.3,25
mentor_a5ae330b,3.1,45
mentor_06b00543,4.3,35
mentor_152b70ea,3.4,30
mentor_e36bf69c,4.2,7
mentor_e003debe,2.4,23
mentor_69ef6a32,3.4,10
mentor_97f69034,3.0,71
mentor_cef41c30,3.3,23
mentor_90d48b74,3.6,4
mentor_13591a9b,3.6,51
mentor_c043a7da,1.6,17
mentor_aff0153a,3.1,6
mentor_fa1703d1,4.2,38
mentor_595f9985,3.4,4
mentor_496cdead,3.0,33
mentor_acfa5d82,4.1,35
mentor_dd18ead3,2.8,14
mentor_f7e122bb,3.8,26
mentor_1c63d11a,2.9,8
mentor_9b1c2fe5,2.6,19
mentor_2804eada,3.3,26
mentor_66248484,3.0,18
mentor_d67dd077,3.8,28
mentor_2bcf1feb,3.8,32
mentor_c790bdc4,3.5,24
mentor_56105218,4.4,33
mentor_6a50b29e,4.9,20
mentor_148fff02,4.6,26
mentor_c94fe11f,3.7,3
mentor_75b6e3e8,4.7,36
mentor_a7b19e9a,4.2,24
mentor_0f88ed0f,4.2,35
mentor_0c584a8c,3.6,28
mentor_dbf91235,3.5,33
mentor_b5dfbe4c,4.4,2
mentor_427b8523,4.9,29
mentor_827614b2,3.7,12
mentor_f3f8143f,4.3,2
mentor_08e946bf,3.3,54
mentor_52c22ac2,3.1,12
mentor_4c54bfab,4.9,31
mentor_82fab8bd,3.7,34
mentor_d1aec420,4.2,1
mentor_d0bd8cfd,4.1,40
mentor_86a27d13,3.2,23
mentor_e40873c8,4.1,17
mentor_d2671696,3.8,42
mentor_dd837b50,3.7,50
mentor_743944de,3.4,18
mentor_008a1347,4.2,8
mentor_29068797,3.7,3
mentor_857b6041,3.4,25
mentor_e746bd5b,3.9,30
mentor_07276bdc,4.4,41
mentor_10857dd3,3.7,20
mentor_292d8606,2.6,14
mentor_aa3134a0,3.8,15
mentor_d1b296aa,3.9,17
mentor_3a6d242a,3.1,26
mentor_b9ba7e96,3.6,9
mentor_85f58447,3.4,1
mentor_b4e2efca,3.8,55
mentor_47970eba,3.6,20
mentor_5f7c9aff,3.4,24
mentor_bac62d62,4.1,4
mentor_fcda6bbf,4.3,35
mentor_8e694192,3.6,28
mentor_2c29357e,3.5,15
mentor_3a6b5b81,4.4,38
mentor_cb1e8e47,3.3,34
mentor_a6aeaafe,3.5,56
mentor_b07b6e49,3.9,36
mentor_5d578a47,3.2,28
mentor_69da96d8,4.0,32
mentor_0269c879,4.4,5
mentor_593f05c3,3.2,11
mentor_14cf5716,3.9,7
mentor_99e26909,4.1,25
mentor_68891770,3.6,43
mentor_7ef2509f,4.9,37
mentor_28511f32,4.5,12
mentor_d9156405,4.8,45
mentor_c41f71e5,2.7,27
mentor_ecfa4e23,3.6,20
mentor_c9d154dd,3.7,26
mentor_c442872f,4.5,29
mentor_dbce39ba,3.5,30
mentor_8538cfd0,3.8,7
mentor_c2b85b4d,3.5,13
mentor_d9e0e0fa,3.3,6
mentor_78cb1a8d,3.8,22
mentor_b5eb0176,4.3,36
mentor_7f226e61,3.5,31
mentor_5cb4cc3c,4.0,17
mentor_8b36aae9,4.5,29
mentor_fede4fe9,3.5,25
mentor_a04f1c11,4.3,49
mentor_8e5e2026,3.8,19
mentor_3913737e,2.9,26
mentor_ab89a273,3.6,47
mentor_5072d6c3,3.9,25
mentor_89cd46f2,3.1,8
mentor_a18bd8bf,4.0,9
mentor_d09d90d5,4.6,46
mentor_25418c75,4.1,21
mentor_5f221e59,4.2,20
mentor_4af02f56,4.7,21
mentor_8f25406f,4.0,39
mentor_c4fe44f8,4.1,28
mentor_e4499609,3.5,58
mentor_047dc0c4,3.8,51
mentor_7b23c9f3,3.5,25
mentor_dceb1a85,4.4,32
mentor_f38932c4,3.6,17
mentor_c8a27481,4.2,12
mentor_783eb0fc,3.6,22
mentor_60e99e23,2.9,33
mentor_8654fd42,4.8,19
mentor_65226b7b,2.6,47
mentor_3c3697e0,4.0,26
mentor_b808bc23,3.9,29
mentor_3b3985c2,3.3,58
mentor_3df9ada8,4.2,31
mentor_8ab6cb97,4.0,6
mentor_2a8b6a50,3.6,2
mentor_dd5afbbf,3.1,18
mentor_80656465,3.0,14
mentor_51905f49,3.2,21
mentor_0c20d344,2.8,18
mentor_cac643ad,4.5,30
mentor_c1d1c471,3.1,31
mentor_a847144a,4.4,18
mentor_8b61fec3,3.7,49
mentor_6eea956a,3.1,7
mentor_7c60083f,3.3,30
mentor_765d274f,4.5,19
mentor_dafabbf9,3.3,25
mentor_7a6523ec,4.0,33
mentor_a669ea81,4.5,22
mentor_69f76669,3.4,30
mentor_31667e62,4.8,25
mentor_f26cf500,4.4,19
mentor_382f43f1,2.3,11
mentor_bea5d5a1,4.5,19
mentor_874bdbd3,3.9,31
mentor_d22db590,3.6,21
mentor_a49c021b,4.5,48
mentor_85570c0e,4.4,20
mentor_2b4b676d,3.1,11
mentor_5170a4b5,3.6,18
mentor_293e8359,2.6,37
mentor_dfdae7ad,3.1,38
mentor_fe726bb2,4.4,39
mentor_c34a7f48,2.5,31
mentor_e90c474d,4.1,10
mentor_cb94b41b,4.1,26
mentor_dbb48661,3.2,7
mentor_d7402137,3.3,33
mentor_72c90a21,3.8,29
mentor_be732d5d,4.0,38
mentor_3af96d2f,4.0,10
mentor_f5468f3b,4.3,39
mentor_9d6b2648,4.3,35
mentor_fa291cdc,3.2,25
mentor_989eed7f,3.7,6
mentor_a2afa7f4,2.5,25
mentor_77d2ad94,4.1,17
mentor_522cc280,3.4,14
mentor_e36922de,4.0,34
mentor_06d2eff8,4.0,20
mentor_074817ee,3.6,37
mentor_b061abd4,4.1,24
mentor_63c01ecc,4.1,18
mentor_c76f6ca0,3.3,9
mentor_590e7306,3.1,28
mentor_2c728138,4.0,19
mentor_2c73a4d5,4.3,13
mentor_61cb6783,4.1,6
mentor_c152acf7,2.5,32
mentor_f3fd6ead,3.9,32
mentor_1913845e,3.2,22
mentor_0f522631,4.9,20
mentor_c11fa12f,4.7,9
mentor_7dbced22,3.8,28
mentor_a762274a,4.0,25
mentor_e8bc9c09,4.3,2
mentor_3d7d910c,2.4,1
mentor_549c47f6,4.7,13
mentor_e13bd0bf,3.5,12
mentor_3d5ea10a,4.6,1
mentor_30e5b47f,3.8,42
mentor_66cea7cc,4.1,9
mentor_251035bc,4.1,13
mentor_67374293,3.6,28
mentor_9e280421,2.7,23
mentor_0aaada6e,2.6,16
mentor_9d15fed7,4.3,20
mentor_f5b5de66,4.0,3
mentor_9351978a,3.9,20
mentor_01f16862,3.7,23
mentor_42a1471c,2.9,19
mentor_fd202aed,3.6,3
mentor_2989ff2f,3.7,16
mentor_6f833c2a,3.6,18
mentor_dae61e59,4.1,3
mentor_2cf30255,4.7,30
mentor_7c912a62,4.6,35
mentor_7e4344ec,4.2,21
mentor_08957cf0,4.2,31
mentor_bb25ef9f,3.6,6
mentor_686f8d37,3.2,26
mentor_f6769659,2.6,28
mentor_81e5c4c1,4.0,42
mentor_7b5a5358,4.4,10
mentor_1b6bde93,4.2,31
mentor_3e783760,2.7,24
mentor_686d6149,3.4,2
mentor_254b6ffe,4.1,29
mentor_58b0992b,3.9,26
mentor_954544e6,3.0,38
mentor_fb7c8680,4.1,29
mentor_5c18cc79,3.8,15
mentor_230289f8,3.5,1
mentor_311c7750,3.8,7
mentor_8b2e1617,4.5,33
mentor_4f0b382b,3.3,48
mentor_f88a9487,4.1,24
mentor_21e431d6,4.8,31
mentor_135394c4,3.6,11
mentor_0ec21069,4.0,22
mentor_d04a6c67,3.1,24
mentor_73194429,4.1,18
mentor_4f8d343b,3.1,47
mentor_b860ddf6,4.2,23
mentor_783645cd,3.9,37
mentor_a0d416f0,4.1,37
mentor_261b2e8e,3.3,26
mentor_95619395,4.2,33
mentor_39ed4810,4.3,9
mentor_4f3daadc,3.8,30
mentor_45e71470,3.8,8
mentor_b92f1ef3,4.4,7
mentor_0feea68b,2.6,32
mentor_a9d62590,3.3,27
mentor_30785d7b,4.1,34
mentor_69630ae0,3.6,21
mentor_126f46ea,4.1,36
mentor_1f8f33d5,4.5,38
mentor_47ae70a6,3.8,15
mentor_4c518774,4.9,16
mentor_65240e28,2.7,26
mentor_b95fcbf2,2.9,10
mentor_79a36419,3.5,29
mentor_98bf110d,3.1,33
mentor_5439b870,4.8,12
mentor_1a8e049f,3.9,12
mentor_59c9f988,3.7,18
mentor_59861d7d,4.0,42
mentor_90057a9e,3.3,40
mentor_e6a0405c,3.4,32
mentor_b833b9ca,4.2,32
mentor_9376b8e5,4.3,37
mentor_28a655a4,4.2,13
mentor_b879352b,3.6,26
mentor_9c70f935,4.4,19
mentor_bfd615ce,4.0,30
mentor_aebf3d03,4.0,23
mentor_61a3e16e,4.1,10
mentor_944a7298,3.3,22
mentor_7262a429,3.8,13
mentor_f29fe81f,3.7,46
mentor_424b44c7,3.2,24
mentor_0d440dde,3.9,15
mentor_5f30bd84,3.2,33
mentor_4b35f0b2,4.6,33
mentor_b0cddb1c,3.6,33
mentor_9b37f3e3,3.2,44
mentor_3233b849,3.4,9
mentor_9c789c28,4.5,11
mentor_467dea2c,5.0,21
mentor_6064b052,3.9,50
mentor_169b8db4,3.7,7
mentor_02659c85,3.5,20
mentor_077b24b4,4.2,18
mentor_a889df69,4.5,34
mentor_f12e8b32,3.2,27
mentor_098ba260,2.4,23
mentor_4cbc309a,4.7,5
mentor_bdec7064,3.3,5
mentor_49815822,3.5,31
mentor_f23fb652,4.4,43
mentor_7a1cacf1,4.9,44
mentor_e8ff6991,3.7,11
mentor_04d4bf40,4.5,22
mentor_aa10d839,3.4,10
mentor_a0bdd90e,2.5,21
mentor_1fcd9500,3.4,37
mentor_5d44ec62,3.8,12
mentor_027976db,3.4,19
mentor_b76c1998,3.9,26
mentor_5167e229,4.4,33
mentor_2d77119c,3.9,14
mentor_2dd698b1,3.0,7
mentor_15713436,4.1,30
mentor_fd77aa3c,4.0,10
mentor_a0d98029,4.2,34
mentor_b4b59be7,3.8,14
mentor_2aab8241,3.4,4
mentor_6ed9f5cf,4.7,19
mentor_7a6fc9ab,2.6,34
mentor_2c880ec2,3.0,22
mentor_8c96ef22,3.7,22
mentor_58ff2369,3.3,42
mentor_feebeacf,4.3,35
mentor_c6eb6455,3.6,37
mentor_adb21cf8,4.0,8
mentor_440dede2,2.9,37
mentor_730437c1,3.5,23
mentor_5a9fd9dc,3.3,21
mentor_e03153fb,3.0,27
mentor_2342c4d4,3.7,10
mentor_e187b5f4,2.6,13
mentor_37568d23,4.1,28
mentor_6451b47f,3.6,5
mentor_1bce2dca,4.9,42
mentor_41df2987,4.5,9
mentor_01d0588c,3.8,23
mentor_4747869f,2.3,10
mentor_85f80f71,2.2,26
mentor_6df9c20f,5.0,49
mentor_645a19e7,3.1,44
mentor_c3acdc36,3.2,27
mentor_2922acf2,4.6,4
mentor_4e313512,4.1,19
mentor_d2b29e6d,3.5,22
mentor_27a7eaf1,3.4,18
mentor_1b3538af,4.3,35
mentor_890f46c5,3.4,20
mentor_d69cc21c,1.9,37
mentor_d745397a,3.2,23
mentor_918876d4,3.4,12
mentor_8954741a,3.8,20
mentor_9fea299c,4.5,3
mentor_0c7311c4,4.4,22
mentor_cbb27278,3.6,12
mentor_aac92031,4.1,13
mentor_ad21f467,4.8,33
mentor_20d83716,3.9,39
mentor_4b818f65,3.6,2
mentor_4c91d7f6,2.7,11
mentor_63e768ae,3.1,36
mentor_9f628e74,2.8,10
mentor_fc4fb7dd,4.1,19
mentor_69b8e6d5,4.4,24
mentor_39b596d8,4.0,18
mentor_db3a124c,3.9,17
mentor_4a41d3f2,2.5,14
mentor_0c64e03e,3.7,31
mentor_a0296527,3.5,8
mentor_cd4b1e31,3.7,1
mentor_3bb6e198,3.5,26
mentor_917561bb,4.3,44
mentor_2a89d9c0,3.1,7
mentor_dccf2e6d,4.3,42
mentor_b2101daf,4.2,24
mentor_2b5c4148,2.6,10
mentor_0e72b086,4.8,34
mentor_36a6138c,3.3,43
mentor_b8a1fbe0,3.1,21
mentor_80dfe5db,4.1,23
mentor_ad240e95,3.4,17
mentor_daea42a1,3.4,16
mentor_e311b103,3.8,16
mentor_601923cb,4.3,18
mentor_58177dfe,3.6,6
mentor_6f999830,4.4,6
mentor_06840e19,3.0,20
mentor_9009aa7b,2.9,5
mentor_2572c3fd,4.3,17
mentor_9a33d818,4.4,24
mentor_888f975f,4.1,5
mentor_371f23f2,3.6,21
mentor_540ebe81,3.3,11
mentor_bb4eff35,3.5,39
mentor_a7357826,3.2,24
mentor_b0698586,3.8,7
mentor_c44e63fa,4.4,39
mentor_2ad31095,4.3,21
mentor_851b59ba,4.1,33
mentor_beccb220,4.1,40
mentor_d61a3dfb,3.4,28
mentor_6e3e76aa,3.3,29
mentor_04f61baa,4.3,28
mentor_c67f0734,4.8,20
mentor_3aa59e00,4.3,7
mentor_8527999e,2.7,32
mentor_70414c16,2.7,13
mentor_5c39db24,3.1,6
mentor_7b7ab7f3,3.4,45
mentor_b295ce30,3.4,25
mentor_093ff699,3.1,25
mentor_c0f06993,3.9,50
mentor_fcfd3581,3.7,12
mentor_eea8f591,2.7,27
mentor_6add6af4,3.8,22
mentor_bafa1dd7,3.4,47
mentor_7ee4537b,4.2,26
mentor_35177986,4.0,36
mentor_b2bfcd68,4.1,28
mentor_6313d5be,4.0,15
mentor_deb7b68e,4.4,19
mentor_d30a88c4,4.6,11
mentor_1800bca8,4.8,13
mentor_6609da05,2.4,36
mentor_81e137c1,3.1,31
mentor_32a24e42,3.0,20
mentor_2bcc1153,3.0,47
mentor_e6de7d6d,3.5,14
mentor_3929785b,3.7,23
mentor_2cabe078,3.8,30
mentor_c77bb322,4.0,28
mentor_e8189012,2.7,30
mentor_467b5eef,2.4,14
mentor_d14c21ef,4.6,52
mentor_81bc1788,3.4,12
mentor_7578d1b8,4.1,24
mentor_b6bb68ac,3.7,29
mentor_38d51f4c,3.9,26
mentor_f601ca57,2.6,13
mentor_5dd4a0c1,3.1,8
mentor_05aba56b,3.4,23
mentor_45dcd849,3.6,22
mentor_51520b0e,3.3,6
mentor_6c3c6c8a,3.2,34
mentor_db433e4a,3.4,30
mentor_0a9abd64,3.3,34
mentor_cd21ed0e,3.0,51
mentor_57c1de05,4.2,12
mentor_755dec94,3.1,20
mentor_2143fc82,3.9,13
mentor_12f50543,3.6,46
mentor_e13c245d,4.9,57
mentor_2459fa7d,3.0,28
mentor_81160bd7,3.8,26
mentor_6aea9f28,4.6,21
mentor_33d06f1e,4.7,30
mentor_8c80cba7,3.4,48
mentor_c277e865,3.4,12
mentor_c3c392fd,4.0,40
mentor_5555be84,3.7,30
mentor_e03a4148,3.6,26
mentor_3855c583,3.6,20
mentor_151fbda9,3.1,19
mentor_bb039843,4.5,22
mentor_da6f2f5e,3.6,18
mentor_99d5dbc3,4.6,39
mentor_3c2c26ab,4.3,8
mentor_d0e56e1f,2.3,18
mentor_fae5a8b0,4.1,17
mentor_da53a690,4.2,12
mentor_219fd369,2.9,30
mentor_b17708b5,3.7,30
mentor_b3aa76f8,4.1,2
mentor_9cb196ad,3.8,2
mentor_6d038147,4.8,28
mentor_f6dfd3bd,4.1,52
mentor_c226fe6d,3.2,21
mentor_7d107106,2.7,39
mentor_ee683d23,2.4,6
mentor_af7e9222,3.0,9
mentor_79843184,3.7,37
mentor_a9e5c11a,3.9,32
mentor_3d1e6258,3.4,27
mentor_bea545d3,4.6,1
mentor_45a7f003,4.6,18
mentor_8da2d5d4,3.0,1
mentor_c40f9f5a,3.8,22
mentor_fbd61d88,3.9,4
mentor_07a91747,4.2,13
mentor_543823e4,4.0,46
mentor_47fe6e4e,3.1,32
mentor_c5272221,3.9,39
mentor_e62e0294,4.6,43
mentor_f089185a,2.3,25
mentor_21e5347b,4.5,38
mentor_24af0ef2,3.9,33
mentor_a520ed47,3.1,13
mentor_33b8a70b,4.4,6
mentor_3185d2f5,3.4,20
mentor_e1cb83c8,3.4,28
mentor_494887ae,2.9,11
mentor_9e4c2e53,3.1,47
mentor_860efaf3,4.0,17
mentor_02fcbc53,3.6,19
mentor_f06d8ee8,5.0,7
mentor_be866e68,4.4,36
mentor_1fe758b8,4.4,25
mentor_2cc0ce45,3.4,5
mentor_be5468c1,4.0,15
mentor_f3ed91e2,3.2,8
mentor_0ed9b37c,3.1,10
mentor_a170e3d4,3.6,38
mentor_3f871fda,4.5,32
mentor_ab6a20de,4.2,32
mentor_1c1188dd,3.3,45
mentor_d8bdc449,4.6,38
mentor_d7609aa1,4.5,34
mentor_983036eb,3.1,21
mentor_dad427cd,3.2,26
mentor_a77fdb78,3.4,21
mentor_6599e3cd,2.7,8
mentor_85448736,3.3,35
mentor_0c77ab9e,2.9,24
mentor_8169f93e,4.1,38
mentor_ac714b00,3.5,13
mentor_5fb49aec,3.4,32
mentor_90d0c906,3.6,16
mentor_9b3290ba,3.6,6
mentor_1735ebcf,4.2,34
mentor_e5da0265,4.2,12
mentor_113c1958,4.1,7
mentor_9b2723ce,3.9,49
mentor_3afc9cfb,4.2,39
mentor_df3a0d10,4.0,19
mentor_e278b5f7,3.3,11
mentor_5c89730c,3.6,16
mentor_a6a9f47b,4.2,34
mentor_9503af04,3.8,36
mentor_929e5c3e,2.6,12
mentor_bb26a002,4.1,31
mentor_8ae0b233,3.3,13
mentor_420817b0,3.8,18
mentor_ed253048,3.3,4
mentor_2a61d3b8,3.2,32
mentor_36e3929f,3.9,26
mentor_db30ab52,4.5,19
mentor_1cd95c06,2.6,14
mentor_a62ca058,4.8,44
mentor_13947eb3,3.5,12
mentor_2e4eb668,3.7,19
mentor_4f6ed4ff,3.8,17
mentor_1485657a,3.8,23
mentor_4fbb9b05,3.6,27
mentor_926c1d8a,4.2,18
mentor_6ea7b2e6,4.7,11
mentor_125b9ce2,4.3,12
mentor_f1fc2f56,3.5,4
mentor_823ac418,4.3,28
mentor_5ac6d29d,4.4,29
mentor_56e808a5,3.8,61
mentor_41cae98c,3.9,10
mentor_d4f7a6a1,3.2,1
mentor_2ba2ac68,3.7,7
mentor_45be1a57,4.4,13
mentor_bc257018,3.8,6
mentor_5b727c72,3.2,2
mentor_04db03be,4.2,17
mentor_39f65387,4.7,11
mentor_9d85cb50,3.7,29
mentor_a0b163d5,3.2,54
mentor_e4a5ed01,4.4,22
mentor_575e7a51,4.2,17
mentor_02f0dd22,3.8,47
mentor_0ca83c09,4.7,10
mentor_922d61b2,3.6,25
mentor_484433dd,3.1,24
mentor_98a62775,3.7,38
mentor_61b76a24,2.6,10
mentor_6c10c176,4.4,25
mentor_f726fbdf,3.1,24
mentor_2b833cec,3.9,7
mentor_423c5118,4.4,16
mentor_061bdc19,3.7,21
mentor_3d7a1216,2.5,30
mentor_62c94c09,2.2,18
mentor_0daca167,3.3,22
mentor_33f7a738,4.1,18
mentor_cc3e2cb3,4.3,38
mentor_be53ee07,4.1,12
mentor_ad483330,3.0,13
mentor_0d561469,4.1,26
mentor_c413a9b2,3.6,31
mentor_8157f173,4.4,49
mentor_05a85d96,3.4,48
mentor_a355f606,3.0,19
mentor_b8ebc87f,3.8,14
mentor_0614663c,3.2,37
mentor_b8358f3f,4.1,3
mentor_397b282a,3.2,29
mentor_656e04bd,3.8,20
mentor_ab1baa5d,4.0,17
mentor_81edde73,4.1,9
mentor_831c2282,4.7,33
mentor_0b919228,3.5,47
mentor_51f4f1a4,4.3,28
mentor_68acf5b4,4.0,28
mentor_68f24f27,3.9,16
mentor_98507391,3.8,34
mentor_f1b6cb59,4.6,25
mentor_41585ee2,4.4,25
mentor_390a213a,3.4,26
mentor_3c9c77d1,3.0,13
mentor_a3c673b8,2.9,51
mentor_26aed0b7,3.2,21
mentor_1250f31a,4.6,33
mentor_123ef00d,4.2,2
mentor_7c09bb36,2.8,33
mentor_ec83df9e,3.6,18
mentor_5ec0cd0e,3.9,9
mentor_6a2261e1,3.1,14
mentor_4ef90c69,4.5,26
mentor_2b8923eb,3.1,33
mentor_ff8225f3,4.5,3
mentor_e5d06915,4.2,27
mentor_1d9d0543,3.9,20
mentor_f061e9b1,4.6,28
mentor_a1cd7f14,2.7,23
mentor_a72793d0,4.9,27
mentor_a1c6e70c,4.7,17
mentor_46d27820,3.6,34
mentor_b93ba98d,4.3,23
mentor_ddc6c099,4.9,3
mentor_8e02916d,3.4,39
mentor_d8c39f71,3.0,24
mentor_d7acb940,4.1,14
mentor_6ab11f5f,3.9,31
mentor_1cb00696,3.9,28
mentor_452a1bb8,3.0,10
mentor_9cf5af00,2.2,33
mentor_c4a75679,3.4,14
mentor_41f87b57,4.5,20
mentor_3a41cda0,3.8,5
mentor_b930798f,2.8,24
mentor_ceb5056a,3.0,33
mentor_b5dc1caf,4.0,35
mentor_c5822b07,3.9,28
mentor_332aa4b0,4.1,14
mentor_2ba92b5f,2.9,27
mentor_489c141a,3.8,5
mentor_4194c404,2.3,30
mentor_7cfaecb2,3.3,14
mentor_290f988f,4.0,29
mentor_a27e0711,3.3,29
mentor_a7751070,2.2,13
mentor_4ce01216,3.2,16
mentor_7a647d3d,3.3,15
mentor_69b66b00,2.5,17
mentor_37b66f58,4.7,14
mentor_fb833986,2.8,29
mentor_7e11ea79,2.9,26
mentor_3e7a6b59,3.1,32
mentor_32e5843b,2.3,12
mentor_932ddee5,4.1,20
mentor_2aa01b0f,3.7,43
mentor_bb20ce21,3.9,28
mentor_48f7e144,3.5,17
mentor_42519fba,4.9,30
mentor_94cd8970,4.1,9
mentor_9b825364,3.4,50
mentor_1292785a,3.8,14
mentor_4b9bc845,4.9,8
mentor_53759ace,1.6,12
mentor_7a435e5d,2.6,44
mentor_0cc7a083,3.6,16
mentor_fa4c89ea,3.8,2
mentor_adb8b9a5,2.9,36
mentor_c6078247,3.7,26
mentor_c4b0d0bf,3.3,12
mentor_1c566ccd,4.2,30
mentor_31cdb4a2,3.0,26
mentor_a6c34f62,3.7,22
mentor_86f49a7d,3.5,27
mentor_69533623,3.8,16
mentor_0f190a84,3.2,30
mentor_032231e2,2.8,12
mentor_c77e8ed1,4.7,2
mentor_4a130eba,4.4,14
mentor_c7080eb8,3.8,18
mentor_6d96e0e7,4.1,12
mentor_7756dcad,4.7,12
mentor_c0901a39,2.7,10
mentor_d182a5d0,3.3,44
mentor_bd041289,4.0,14
mentor_263f7f63,3.0,23
mentor_8e31fc41,3.9,25
mentor_47e05ef4,4.8,22
mentor_139d3842,2.9,22
mentor_cfa1da66,3.9,34
mentor_382684b0,4.5,14
mentor_f8ad6c6a,4.5,30
mentor_9ea080e2,4.3,44
mentor_fcb8f14b,2.6,14
mentor_79db60a1,3.7,36
mentor_afdef75d,4.5,34
mentor_ffd04958,4.2,23
mentor_c639f7ee,4.0,24
mentor_8435ce51,4.1,29
mentor_dd602002,3.3,21
mentor_3326c7f2,2.6,21
mentor_44c3583b,3.5,17
mentor_15b8f38c,3.2,32
mentor_c2f5b3c7,2.7,17
mentor_52767ade,3.4,14
mentor_2cb1a3c5,3.6,15
mentor_097d0f15,4.6,8
mentor_940bd66e,4.9,23
mentor_0e7958be,3.5,30
mentor_f79f88e5,3.0,39
mentor_f7d2e855,3.2,28
mentor_9ef6699d,3.9,38
mentor_072ed49e,2.5,45
mentor_eae728de,3.5,1
mentor_4c7267bd,4.6,16
mentor_c2177903,3.1,42
mentor_d06c31b8,4.5,27
mentor_f9fe0818,3.1,25
mentor_f08cee72,4.4,36
mentor_2a808113,3.2,41
mentor_631c4aff,3.5,33
mentor_de62faa5,4.5,19
mentor_57494c37,3.3,3
mentor_bc98518f,4.5,28
mentor_a14fc230,4.1,25
mentor_1360e9ab,4.1,33
mentor_dc477fd6,4.5,12
mentor_86c2f8d7,5.0,26
mentor_01f3ac98,3.1,3
mentor_5e9ee3e2,4.9,25
mentor_144fc5b1,3.8,11
mentor_e3c77027,3.2,32
mentor_f9a36f74,3.1,13
mentor_3fe1acf2,3.9,51
mentor_b35e16f0,2.5,14
mentor_ce7adf96,3.9,39
mentor_5d5725ba,4.9,9
mentor_fd488a4d,4.6,5
mentor_91dbb00f,3.5,18
mentor_40c295e0,3.0,23
mentor_55e391d8,4.4,32
mentor_c083ea9b,3.5,24
mentor_f05f3cfd,4.5,21
mentor_1ee4d2d4,4.9,26
mentor_c30ce35c,4.3,36
mentor_1974a099,3.4,27
mentor_127199b4,3.7,28
mentor_1fb4fea4,4.0,32
mentor_79296c25,4.0,16
mentor_83dcf198,4.0,7
mentor_cc3a1059,3.8,19
mentor_0ef7459a,4.2,18
mentor_bb976e89,3.1,24
mentor_80078ad4,4.6,29
mentor_f047c3fa,3.5,33
mentor_42ed48af,4.3,28
mentor_9295b50f,3.8,16
mentor_a8716e46,3.6,24
mentor_587a26dd,3.8,5
mentor_4ef98433,2.4,19
mentor_e62e004f,3.4,18
mentor_3de27e10,3.0,11
mentor_008387a1,3.5,44
mentor_d707df07,4.3,20
mentor_03d54146,3.5,30
mentor_d20e4bce,4.1,16
mentor_39e6e908,4.4,24
mentor_2dc2279a,3.9,22
mentor_9f0f7548,3.7,29
mentor_58296fe6,3.7,52
mentor_4ac9a044,3.5,21
mentor_eb5a7ccd,3.7,10
mentor_7ff6c2fb,4.0,26
mentor_d88cfea4,4.3,33
mentor_88d6a017,2.9,8
mentor_05d980e8,4.1,19
mentor_42ca2de0,4.0,21
mentor_48e046f1,3.7,27
mentor_a5a0ef5d,4.0,52
mentor_28065e54,4.8,30
mentor_6aa83a79,4.3,12
mentor_b77f9db0,3.8,15
mentor_d142a912,3.8,27
mentor_685e1c0c,3.1,39
mentor_b7a344a9,3.4,12
mentor_cddfb260,3.4,8
mentor_9dc3d473,3.8,2
mentor_6d613efe,4.5,21
mentor_adf63ef1,3.9,6
mentor_afdd32d9,4.8,27
mentor_2726854b,3.9,60
mentor_70a530ee,4.5,30
mentor_fa5c526f,3.4,18
mentor_995e8fc9,2.4,27
mentor_f63d2463,3.6,39
mentor_f2d0da7c,3.5,20
mentor_5a92cd5f,2.2,22
mentor_b8619ca1,2.4,20
mentor_52bdbea6,3.9,34
mentor_2eec03d8,3.3,25
mentor_70d8efa8,4.0,2
mentor_3f4e9493,3.2,47
mentor_46318a06,3.1,21
mentor_284be1bb,3.0,31
mentor_94258d67,2.7,24
mentor_a61c1bc4,4.7,25
mentor_320120b5,4.4,49
mentor_73b7a079,5.0,46
mentor_1056c6dd,3.9,11
mentor_d3f9a84e,4.8,9
mentor_653c2dd9,2.9,1
mentor_462ec70c,3.8,10
mentor_a82c1424,3.8,12
mentor_e9e5bf4d,4.2,6
mentor_ad92b2f8,3.8,21
mentor_4225ed18,3.3,35
mentor_718e4b12,2.8,23
mentor_38cc9964,4.5,20
mentor_02a821f0,3.8,9
mentor_a07e2ee1,2.1,39
mentor_70fab2bc,2.5,22
mentor_0babe618,4.3,9
mentor_a1842e2b,3.4,23
mentor_87c0853e,2.8,24
mentor_a872facd,3.9,6
mentor_b9988d45,4.3,14
mentor_e6b967bd,3.8,21
mentor_59c50d59,2.9,18
mentor_b7d2d5df,4.1,3
mentor_f4dac757,3.5,26
mentor_a0200152,2.6,41
mentor_c55c3c2b,3.8,14
mentor_381a7aba,3.8,21
mentor_58cd36c0,3.0,31
mentor_12f4f8ed,4.4,37
mentor_a8089d5f,3.7,23
mentor_b629d94d,3.3,3
mentor_ef4b4261,4.0,20
mentor_b5909db8,4.3,37
mentor_ff67e176,4.6,17
mentor_5709d0c6,3.6,20
mentor_c5d9671a,2.8,26
mentor_afea6ff2,4.1,32
mentor_1139245b,4.0,1
mentor_52bff674,3.1,30
mentor_b7b3a034,3.1,22
mentor_5b633c6d,2.3,23
mentor_1337b255,3.5,32
mentor_75b46a09,3.8,16
mentor_c68b9510,2.8,45
mentor_f08ed219,2.7,43
mentor_5c04a9ea,4.1,36
mentor_fa95a98c,3.2,34
mentor_35722e0f,3.7,10
mentor_ec79bf93,2.7,11
mentor_f5736a88,4.2,17
mentor_4d61e402,4.7,13
mentor_c1d7ecd8,4.5,25
mentor_e3aafe82,4.9,17
mentor_f12b5d66,3.9,18
mentor_432161b0,3.9,38
mentor_a48f6f89,3.3,28
mentor_cffb32b2,4.2,37
mentor_000d486a,4.2,18
mentor_cc9f4e2c,3.9,5
mentor_9de5982b,4.1,34
mentor_862a3b68,3.4,17
mentor_3eb40d3c,3.7,33
mentor_727a3a8f,2.4,22
mentor_be5b5bbb,3.4,17
mentor_1bdd615b,3.3,24
mentor_7d90ca6b,4.8,21
mentor_58513de2,4.1,31
mentor_bbb6a577,4.4,34
mentor_3c3cc7b2,4.0,40
mentor_b0cfa886,4.4,16
mentor_60dddb0f,4.2,6
mentor_e0651288,3.9,40
mentor_d2922af7,3.7,9
mentor_bb0d95c2,4.0,32
mentor_2140ab2f,2.5,34
mentor_5881ed47,3.4,30
mentor_ef875ff6,4.4,30
mentor_567e3277,3.6,45
mentor_dab4880b,3.0,21
mentor_c93244ce,3.5,33
mentor_65156edd,3.5,13
mentor_58a3efa6,3.5,12
mentor_7e20ab26,4.1,6
mentor_ea3ee7bd,4.9,17
mentor_e2fec454,3.6,14
mentor_df516448,4.6,10
mentor_49784878,3.7,38
mentor_e5813fa8,3.4,49
mentor_01ea6b7a,4.7,40
mentor_5c7ab987,4.1,56
mentor_b0647514,4.7,33
mentor_551bc50d,3.8,25
mentor_989d86dd,4.4,15
mentor_175f4550,4.8,27
mentor_afc629c2,2.7,25
mentor_8bedcb43,3.1,35
mentor_2181eb42,3.7,31
mentor_2ea2c791,3.2,18
mentor_6cfd178e,3.1,43
mentor_17d100a2,3.2,19
mentor_8a2752be,3.4,7
mentor_e4abafd3,3.1,30
mentor_6aa2b9a4,4.3,36
mentor_3465a39f,3.2,6
mentor_8ab2cf06,3.2,12
mentor_3b6ba8fa,3.5,40
mentor_09654459,4.4,32
mentor_36700e55,4.1,4
mentor_5c4827ec,2.6,15
mentor_f3ef16ea,4.3,35
mentor_446a69bd,3.6,19
mentor_83a3c9da,3.9,22
mentor_1d9f3289,4.4,20
mentor_f896f7a1,4.3,42
mentor_6bb3abc5,3.1,38
mentor_5b21670c,4.4,21
mentor_ac4fc9b2,4.4,43
mentor_bbab6d5b,3.3,34
mentor_095ee722,2.7,37
mentor_35452638,3.5,25
mentor_c4065b5f,4.4,40
mentor_fd72ffce,4.3,38
mentor_db31c900,4.0,14
mentor_7e8b88af,1.6,34
mentor_0cdff915,3.5,34
mentor_4c692410,3.4,12
mentor_b00b6950,4.0,12
mentor_54df82b0,3.8,28
mentor_1ae15105,5.0,4
mentor_43ed4746,3.4,11
mentor_151d04ba,4.1,13
mentor_0302caa5,3.6,35
mentor_d0966fdd,3.6,21
mentor_c50ee60b,4.6,29
mentor_20098fc2,3.4,20
mentor_1c04c2fb,2.9,36
mentor_94f3a350,4.0,32
mentor_e804a6d5,3.5,18
mentor_fb46b1a2,4.1,21
mentor_df4831ef,2.6,24
mentor_9ba07759,4.1,22
mentor_65adb1d9,3.7,11
mentor_3af8fa59,3.7,15
mentor_c53d9148,4.4,46
mentor_ffc257d2,3.8,37
mentor_b671d7f6,4.0,11
mentor_1da55fdf,3.0,22
mentor_dc174bee,4.1,8
mentor_ca6983c8,2.5,41
mentor_ee501544,4.5,10
mentor_59c109f2,4.0,27
mentor_23b9d44d,4.0,17
mentor_acae150b,4.6,7
mentor_021a3d0a,3.5,40
mentor_4261f64f,4.4,34
mentor_4d58c3b9,4.1,28
mentor_77024f27,3.8,52
mentor_d46ca0d1,3.4,10
mentor_790e85c8,2.5,7
mentor_dde945b8,4.4,15
mentor_ac2f9424,4.0,10
mentor_53198190,3.3,45
mentor_74451ea7,3.7,26
mentor_2f3157e5,3.9,47
mentor_a0f4869d,3.9,32
mentor_788a30d4,4.5,44
mentor_54d8d4c7,4.3,18
mentor_b66cb5a2,2.8,12
mentor_87e4f9b2,4.5,24
mentor_63d2758a,4.7,2
mentor_f1cc8ed9,3.0,19
mentor_088d78bd,3.5,6
mentor_b4e7b3d6,4.7,35
mentor_d69eb5f4,4.0,25
mentor_1df5fade,2.9,29
mentor_9b11aa99,3.1,28
mentor_033ba910,3.2,37
mentor_df94c5af,3.9,22
mentor_2a58b1b5,2.6,28
mentor_547559df,3.7,21
mentor_fa01c841,3.6,39
mentor_a449c87d,3.3,21
mentor_00e537a2,3.5,26
mentor_06db38b8,3.7,36
mentor_1778c950,4.2,41
mentor_7138f93f,4.4,16
mentor_37cec0a2,4.8,56
mentor_a751e6c8,3.3,19
mentor_15f92e6a,4.2,25
mentor_f3292174,2.7,21
mentor_5d0f5d84,4.0,19
mentor_27293092,3.1,45
mentor_f4b54c46,2.2,5
mentor_fbe77e43,2.7,1
mentor_0dc00088,2.2,4
mentor_0ea03199,3.2,33
mentor_6bf749c5,3.4,35
mentor_07ccb436,2.1,9
mentor_880563c2,2.8,15
mentor_734c67cb,3.7,7
mentor_5a003156,3.8,13
mentor_b062805f,5.0,26
mentor_79465f70,3.6,12
mentor_a074d049,4.5,29
mentor_dc0f2e8c,3.5,33
mentor_f47aed3e,4.2,15
mentor_dfa479f8,1.7,20
mentor_e2126b22,4.5,25
mentor_8f07b2d8,2.4,13
mentor_e8e82f4e,2.9,33
mentor_1ba2bf29,2.4,38
mentor_c07a6e94,4.1,30
mentor_f122f58d,4.9,21
mentor_2dd89f7d,4.0,22
mentor_af592953,4.6,26
mentor_a9f3ac7f,4.6,17
mentor_5d7a5896,4.9,19
mentor_693d0432,3.5,7
mentor_8ce8b6ed,4.6,14
mentor_137b46fd,4.1,20
mentor_cf4742fc,3.9,18
mentor_30762a94,3.1,27
mentor_b74efc78,4.0,27
mentor_13358d25,3.5,28
mentor_3ef35ca8,3.1,10
mentor_c615c382,3.5,25
mentor_e1cbe997,2.5,5
mentor_6a9fe5b5,4.5,8
mentor_732c0878,3.4,15
mentor_a5a978ef,3.9,15
mentor_45f0295c,4.2,17
mentor_4e2aa4e1,3.7,29
mentor_16011a93,3.0,31
mentor_1967ede7,3.8,21
mentor_9fb7dbf4,4.1,32
mentor_352b9606,4.0,32
mentor_1eded3df,3.4,26
mentor_95e8d232,4.0,40
mentor_6e0e76c0,4.4,12
mentor_1eebcd0e,2.8,5
mentor_ea21e6f1,4.3,3
mentor_7c3049e4,2.7,5
mentor_a5c6991a,3.0,11
mentor_913da29f,4.5,10
mentor_358db10b,3.4,30
mentor_4f2510ae,3.4,30
mentor_cba64f63,3.3,56
mentor_8088cdb5,4.5,2
mentor_6c2e43e7,3.4,29
mentor_111f95d8,4.1,42
mentor_fd423888,3.7,2
mentor_bc2a9437,4.0,14
mentor_ea749b7f,2.6,11
mentor_d7038196,4.4,26
mentor_61cf1e77,5.0,17
mentor_0a0694bc,4.5,29
mentor_80cbd955,3.3,27
mentor_18355bc9,4.8,12
mentor_218f5b0f,3.2,17
mentor_3b18e0d5,3.6,35
mentor_7a61bd84,4.4,33
mentor_872134a0,4.0,19
mentor_76ac0dcf,4.2,27
mentor_ab623d76,3.5,30
mentor_81a5084e,2.9,44
mentor_0191d064,3.1,27
mentor_21b6bf3d,3.3,18
mentor_9178d0ab,2.8,14
mentor_ed421f7b,4.1,35
mentor_74be79c2,3.5,23
mentor_0c4bee88,3.4,24
mentor_27a90cf0,4.1,30
mentor_d293ef1f,4.8,26
mentor_c7585edf,3.3,22
mentor_abf5d928,3.7,9
mentor_d232e428,4.0,45
mentor_24246b8b,3.9,11
mentor_7e697968,4.3,27
mentor_0e47b144,3.3,30
mentor_4f7aec73,4.6,16
mentor_c68034b2,4.5,40
mentor_b5dcc2ff,3.7,31
mentor_5bc8d838,2.5,45
mentor_98d53390,4.7,24
mentor_6a36c8c9,3.5,15
mentor_e74c6d7c,3.1,11
mentor_e0c424b3,4.6,8
mentor_cffccc4b,3.0,17
mentor_eb285f45,4.6,13
mentor_2f7b3dc7,3.6,30
mentor_cb76fefe,3.5,31
mentor_24ef7a6d,3.1,48
mentor_4e025bc5,3.9,7
mentor_152ced6a,4.4,5
mentor_667ed4e9,3.3,8
mentor_1d548a1e,3.9,26
mentor_7b689da5,3.5,5
mentor_4a72b01b,2.9,28
mentor_df52e7cf,4.0,7
mentor_7d159b8a,4.4,11
mentor_59abf2cf,3.4,23
mentor_6e711e4d,4.4,54
mentor_1e8895df,4.6,21
mentor_ee716174,3.5,43
mentor_c3a3231c,3.3,25
mentor_9d320bf9,4.3,30
mentor_d906f34f,4.3,32
mentor_08c07d0f,4.4,33
mentor_e185429f,4.8,2
mentor_b7f217f1,4.2,34
mentor_ccf1a3c1,4.4,28
mentor_c141d8ff,4.2,27
mentor_d2274e78,3.6,24
mentor_27df1f44,3.1,27
mentor_db95ce7f,4.9,45
mentor_8bbc9487,4.0,23
mentor_6bfeb5ff,2.9,24
mentor_bff7a739,3.6,38
mentor_f311e71c,3.6,13
mentor_6d701803,3.8,3
mentor_fb404488,4.8,19
mentor_6a8c644c,4.6,18
mentor_dcf3168d,4.0,26
mentor_39ae2935,3.6,31
mentor_65c059b4,3.6,21
mentor_7a27932d,5.0,21
mentor_094e4b6d,4.2,26
mentor_44d786b9,4.3,36
mentor_f7eef8f3,3.4,24
mentor_bb20cdaf,3.4,11
mentor_6a0514aa,4.8,12
mentor_b1ee6f90,4.5,31
mentor_cae90599,2.8,44
mentor_c43cf7aa,4.3,24
mentor_055400fa,4.6,13
mentor_87d898a8,4.5,37
mentor_f6d72ccf,3.0,19
mentor_cbaf12c6,3.3,26
mentor_dc32d526,4.4,35
mentor_baf4454e,4.4,19
mentor_08d1e4de,4.0,36
mentor_2ab15e1e,4.1,8
mentor_c2fa2594,3.9,20
mentor_1354be55,4.7,21
mentor_586b81ca,3.4,36
mentor_e72ef576,3.7,12
mentor_835cd352,3.2,18
mentor_ac399d34,3.6,24
mentor_dd19c791,2.9,13
mentor_8f05c4fb,4.3,28
mentor_a8a0a2a2,2.8,26
mentor_f3adf959,4.1,33
mentor_90f2f84a,2.9,1
mentor_e33486c5,4.0,9
mentor_e53caf1c,4.5,32
mentor_bbd3c27a,4.2,25
mentor_7d21a429,3.5,4
mentor_c6854779,4.5,30
mentor_4c444d29,4.8,43
mentor_dec23718,4.4,17
mentor_09f65f00,2.7,25
mentor_1ccd0948,4.3,12
mentor_53d93207,4.5,7
mentor_68464f1d,3.8,25
mentor_d497a435,4.3,17
mentor_df714eeb,4.7,53
mentor_81409f63,4.4,18
mentor_59a3877f,4.1,19
mentor_9638101c,3.3,58
mentor_3e563cf6,3.9,39
mentor_3e2e53b1,4.1,25
mentor_a5192cfb,4.0,18
mentor_5aeb7a97,3.3,16
mentor_8f2d3563,4.9,26
mentor_43dd17b8,4.5,11
mentor_c0c8f9ae,3.2,29
mentor_910fc67d,3.7,48
mentor_0c49b0cc,3.8,28
mentor_b631ee3b,4.4,26
mentor_a7a53d93,3.0,31
mentor_933f55ec,3.3,27
mentor_3fbcdc28,4.2,33
mentor_d925bab4,3.3,20
mentor_ab56fdcf,4.2,43
mentor_e90188c7,4.7,36
mentor_a2ad80ec,4.0,29
mentor_14a93f3d,4.4,21
mentor_938ee352,3.5,43
mentor_29db4157,4.6,40
mentor_9f2b1d03,3.4,11
mentor_b5acfd25,4.0,15
mentor_37575c28,3.5,36
mentor_620158ec,4.5,26
mentor_feabc586,3.8,18
mentor_4ed166f8,4.2,35
mentor_1fd598dd,4.3,26
mentor_da24c57b,2.2,13
mentor_f4e6eed0,3.4,26
mentor_54ed99d1,3.7,12
mentor_418aeebd,4.9,34
mentor_906cafd9,3.4,46
mentor_5b925fd1,3.6,20
mentor_9ef5dfe0,3.9,11
mentor_fa13a48c,3.8,29
mentor_c512bc1a,3.3,22
mentor_e96e5a84,3.6,29
mentor_090dc68e,4.2,19
mentor_b0efe6a5,2.7,13
mentor_b983c515,4.5,30
mentor_c0344192,4.1,36
mentor_1e846c00,4.3,21
mentor_98af95b1,4.5,24
mentor_8b21cccc,3.9,40
mentor_78e83176,3.3,23
mentor_d7db42e7,3.3,39
mentor_bc3a73b4,4.7,24
mentor_69a5c201,3.4,12
mentor_d0ad4ceb,2.7,45
mentor_38abde19,2.8,27
mentor_3ad4c73c,3.3,11
mentor_86d948b0,4.2,18
mentor_b433ca20,3.6,32
mentor_be849034,2.9,52
mentor_af5ceb16,3.2,25
mentor_c0654e98,4.5,11
mentor_898fdac4,3.5,24
mentor_fa04bd5a,3.8,16
mentor_50dc23b5,2.6,28
mentor_88cbe87c,4.0,55
mentor_2263c6ac,3.2,44
mentor_6d872300,3.9,22
mentor_6fd06260,3.3,68
mentor_d3de7cc9,3.4,14
mentor_9b3f0b09,3.8,20
mentor_f160e598,3.1,26
mentor_d2537e64,3.1,24
mentor_c34d54ac,4.6,22
mentor_f496f8e8,4.4,20
mentor_ed51b281,3.2,25
mentor_6c01f952,3.1,15
mentor_95443121,4.3,1
mentor_1b237a85,4.9,33
mentor_51fe9e9a,3.3,8
mentor_c3faef60,4.2,17
mentor_51190eae,5.0,19
mentor_34d86b9e,3.3,20
mentor_69637d2d,3.5,21
mentor_8c9ab443,3.1,6
mentor_46036327,4.1,12
mentor_50a9ee5e,4.3,20
mentor_fa332655,2.7,32
mentor_6cd62570,3.4,24
mentor_952f6d59,3.7,21
mentor_4d8ebd14,4.9,29
mentor_7170c09b,3.9,20
mentor_72037369,4.3,7
mentor_688fc767,4.5,23
mentor_9b83f25e,4.2,40
mentor_a34742e6,4.7,8
mentor_3a388809,2.9,17
mentor_f73df581,3.6,27
mentor_dd1ad79f,4.2,23
mentor_b64917ca,4.0,29
mentor_5568732b,3.9,45
mentor_bfbf05cd,2.7,22
mentor_2cb67ad3,3.7,17
mentor_73c25afb,2.7,21
mentor_393cd6aa,3.1,10
mentor_9b942a9b,3.0,29
mentor_a79a5bdf,3.8,26
mentor_d18e3397,3.7,24
mentor_90d8d7f1,4.9,27
mentor_75c1bb6b,3.1,32
mentor_88b2c85f,3.9,28
mentor_5067c702,3.9,9
mentor_9e6b337e,4.7,10
mentor_25cefff4,4.5,11
mentor_0989f187,3.9,20
mentor_72727ab0,4.1,5
mentor_9c5846ab,3.2,56
mentor_4eb133f0,2.6,24
mentor_85591190,3.6,57
mentor_618e0e79,4.0,30
mentor_7277fea0,4.1,22
mentor_f9a38134,3.8,12
mentor_341b9931,4.4,8
mentor_80df121e,3.7,40
mentor_fec1a45e,4.4,32
mentor_f986a8ec,3.1,44
mentor_9449d7ce,3.7,21
mentor_27b9d19d,4.8,11
mentor_a5e5e76a,4.8,50
mentor_516ef3ba,4.6,8
mentor_f0ae7ca1,3.1,16
mentor_b40fc7a2,3.2,22
mentor_49aff9bc,3.9,39
mentor_96ed9673,3.2,29
mentor_5eff6561,2.9,10
mentor_f2ce36d8,3.2,44
mentor_579f2922,4.1,28
mentor_5b730fee,4.3,29
mentor_cbbba461,3.4,26
mentor_5fe3736d,2.9,33
mentor_72e05130,3.0,18
mentor_c5bef22f,3.3,31
mentor_3bda49e2,2.4,19
mentor_ad4e948e,4.4,49
mentor_322f6d04,4.2,40
mentor_6971d932,2.8,17
mentor_418f052b,4.3,26
mentor_6ed376fd,1.9,18
mentor_1ad7264f,3.5,20
mentor_a8bb094d,4.2,17
mentor_ca05df4e,3.5,39
mentor_4658982c,2.9,3
mentor_320dae5f,4.8,35
mentor_a9bdfb71,4.3,25
mentor_05660469,2.7,31
mentor_46078e1d,3.9,11
mentor_8435237d,3.0,26
mentor_46197cb6,3.9,24
mentor_4a10f935,3.8,23
mentor_ba05c664,3.0,36
mentor_98615fef,3.0,8
mentor_3252d5a1,3.3,7
mentor_2f543c98,3.3,27
mentor_2d6b3e05,3.4,41
mentor_221af2bf,3.5,12
mentor_2394958d,2.4,10
mentor_b18fd717,2.6,21
mentor_79178a5d,3.0,21
mentor_9030181f,3.5,8
mentor_a254a3b7,5.0,4
mentor_1268a42c,4.3,7
mentor_c3d42fda,4.0,35
mentor_7dcec47c,4.4,3
mentor_d2688f7b,2.9,24
mentor_b106a301,3.4,28
mentor_76f3a751,4.2,8
mentor_fb191042,4.7,39
mentor_ae0ecd7f,3.0,27
mentor_cdfe86f2,4.5,10
mentor_c9396d4f,3.4,4
mentor_faa9d7cb,3.0,10
mentor_746c822c,3.8,26
mentor_6c3ea1a0,4.9,43
mentor_424ee4ed,3.7,14
mentor_f0799d5e,4.1,2
mentor_b10f9f12,3.1,25
mentor_31ac1c65,3.8,10
mentor_b0774b69,4.1,11
mentor_cc33e267,4.9,26
mentor_e30df973,3.5,32
mentor_5c8c3b67,2.9,8
mentor_ae7af9c9,3.9,24
mentor_72c424d1,4.9,42
mentor_7863f0b7,4.6,11
mentor_8af483e8,3.4,29
mentor_6f46d9b9,3.5,4
mentor_80e6bcfe,4.2,14
mentor_53651b1a,4.3,22
mentor_653dc02d,3.3,29
mentor_29e4d84b,3.7,30
mentor_6313583d,3.4,4
mentor_5bb4765b,4.1,17
mentor_df892a4b,3.8,29
mentor_8abc79db,2.8,12
mentor_95d74408,4.7,1
mentor_87eb47b0,4.4,14
mentor_d209e169,3.3,37
mentor_a7c68b7e,4.0,21
mentor_4a60bb5a,4.0,8
mentor_4fa39058,3.7,6
mentor_aa00a8ca,3.4,1
mentor_852bbc03,4.3,1
mentor_1608167a,2.9,13
mentor_84d49ce2,3.9,32
mentor_9b74a69e,4.1,44
mentor_f659e8fa,3.8,40
mentor_daf2fb06,5.0,29
mentor_d9aac2c5,4.4,43
mentor_e2914127,4.9,47
mentor_11547f8e,4.1,53
mentor_14dc3686,3.3,9
mentor_62b89b05,4.0,22
mentor_678f25c5,3.6,22
mentor_ed75f1b4,5.0,1
mentor_edc3bb7f,3.4,23
mentor_3f5494eb,4.6,44
mentor_da721045,3.8,19
mentor_2aa89c72,2.6,39
mentor_f0ca4bf3,3.4,3
mentor_834f0dc5,3.4,10
mentor_43a0fc9e,3.1,55
mentor_ac88fbc6,3.6,39
mentor_e2f5fe20,3.5,27
mentor_a7bc5c6b,3.1,13
mentor_e4993cd1,3.9,20
mentor_6cff8674,1.5,11
mentor_972ee541,2.2,13
mentor_3cc7af5e,3.8,2
mentor_6546242f,5.0,20
mentor_5d525331,2.9,15
mentor_6179a013,4.8,51
mentor_52d1b167,3.3,28
mentor_ebf927d8,3.6,26
mentor_895b9132,4.2,22
mentor_693be517,4.6,41
mentor_5c1e9313,3.1,22
mentor_158f2249,3.5,36
mentor_cadf363e,4.1,13
mentor_545b1a9c,3.7,33
mentor_3aca5e7c,3.0,34
mentor_bbb0f4d3,3.3,8
mentor_1c77daf6,2.7,22
mentor_4c7062b5,4.2,7
mentor_c08a38cb,3.9,13
mentor_9d6b7ebd,3.3,26
mentor_a2f4599b,4.8,61
mentor_61dbae99,4.1,17
mentor_56180556,2.9,20
mentor_957f1b27,3.2,11
mentor_0fe787a2,3.0,37
mentor_fa88a753,3.4,29
mentor_0c55c99b,2.3,21
mentor_8c86abc6,4.4,24
mentor_dcae6499,4.1,1
mentor_4683618e,4.3,15
mentor_120e0dfe,4.0,15
mentor_b87e1db8,3.4,14
mentor_6b6292e7,4.6,9
mentor_e462a9d7,4.2,36
mentor_bb19f4f2,2.4,25
mentor_74f46a9c,3.6,48
mentor_9799da34,3.8,20
mentor_a7b5a8b3,2.7,48
mentor_ad5a0c3b,4.9,43
mentor_73e3b064,2.6,30
mentor_5acefc95,4.4,26
mentor_645af57c,3.7,18
mentor_6379c5d3,2.9,52
mentor_5d070f9a,3.0,43
mentor_294b7df7,2.9,38
mentor_b7dc74a9,2.9,12
mentor_59aa89ac,4.1,39
mentor_985d2e99,4.2,15
mentor_f203092f,3.5,16
mentor_b4b2be0d,3.8,41
mentor_3b4c4cfe,3.7,19
mentor_d6139a8f,4.7,39
mentor_901ff7f1,4.0,39
mentor_64e4a6ab,2.7,32
mentor_317e7d06,4.5,17
mentor_6043ad46,3.7,12
mentor_75e7a7b3,4.0,11
mentor_5da17fb2,4.1,9
mentor_1af924a5,4.3,13
mentor_b8017766,3.3,31
mentor_8c4373e1,3.2,22
mentor_877034e0,4.1,23
mentor_27dd2297,4.2,4
mentor_69824e0d,2.7,28
mentor_a52f5df4,4.6,27
mentor_f1d748a6,3.5,15
mentor_edf1b634,3.8,24
mentor_288413bd,4.1,16
mentor_3ce13d7e,3.2,45
mentor_5cd0cef7,2.5,34
mentor_27b3c8e6,2.7,13
mentor_32d69252,3.8,9
mentor_a7f517c2,3.6,17
mentor_3afcc2e4,4.5,50
mentor_9a360c70,4.1,20
mentor_06546ac3,4.8,24
mentor_35733bde,3.2,27
mentor_bbde5460,2.9,17
mentor_7d24e293,3.1,18
mentor_e307bcfa,4.4,24
mentor_03b3d28a,4.0,33
mentor_cd9dfc8f,4.6,10
mentor_8fd4aa96,2.5,10
mentor_8ee27d0a,4.3,5
mentor_d49ad0e9,4.2,11
mentor_43bbe6f9,4.0,30
mentor_19a84b52,3.4,23
mentor_822a8b48,3.7,36
mentor_c85c61ee,2.9,11
mentor_721a90e1,4.3,19
mentor_52a80208,4.1,10
mentor_ac3c795b,3.3,2
mentor_b6452a91,4.2,26
mentor_1d0889c4,4.0,11
mentor_5a677221,4.0,27
mentor_26b9ffd4,4.7,57
mentor_3e1a638d,4.7,4
mentor_48e6ebb9,4.2,31
mentor_2afd19bc,3.2,54
mentor_b32859fd,2.9,9
mentor_8905190d,4.7,36
mentor_b14da3d8,3.0,31
mentor_6469b7df,3.6,13
mentor_a404e5cd,4.2,22
mentor_c9d293ae,3.5,27
mentor_d487c830,2.8,34
mentor_84313951,3.3,42
mentor_5a30f8f4,3.1,18
mentor_1556778d,4.2,46
mentor_b8cc81b9,3.1,3
mentor_442219b6,3.8,4
mentor_17492609,3.7,6
mentor_b49a2595,3.0,23
mentor_8952008d,3.4,39
mentor_23ab521a,4.3,12
mentor_d6d0a4ea,3.9,46
mentor_6d0bfe47,2.4,26
mentor_af8c41c6,3.1,34
mentor_ec43af44,4.3,23
mentor_149c46b3,3.4,25
mentor_dbc4a808,4.5,13
mentor_ded64bf6,3.1,25
mentor_1f140d43,4.6,41
mentor_1c819f79,3.7,35
mentor_d42272c3,2.9,12
mentor_7d013eba,3.5,2
mentor_24f55cc4,4.0,17
mentor_becd0889,4.7,2
mentor_ab51f867,3.9,12
mentor_99547005,4.6,34
mentor_929246df,3.4,43
mentor_ca53d2bb,4.4,5
mentor_09f2d124,4.1,33
mentor_7d036dff,4.5,16
mentor_1ef38982,3.9,16
mentor_b0f41ef8,3.8,18
mentor_8f2067cf,2.8,34
mentor_2494f35f,3.4,35
mentor_a8929c21,4.0,5
mentor_9c55284e,3.8,28
mentor_363fb4a9,4.2,30
mentor_c053aff9,2.9,13
mentor_e5abff8b,4.1,29
mentor_725f39c7,3.4,32
mentor_bd5dcdc1,3.3,40
mentor_02006907,3.9,13
mentor_1dbb74fe,3.6,3
mentor_5a13d4a4,3.7,34
mentor_37fa2d3e,3.7,13
mentor_f86fd617,4.7,25
mentor_3a31d620,4.3,18
mentor_955742be,3.9,17
mentor_708cc644,2.6,24
mentor_83728d83,4.3,23
mentor_73822771,3.8,22
mentor_9f439c73,2.9,44
mentor_9d1472fa,3.2,22
mentor_52b6ca47,3.6,5
mentor_ee1d6654,3.7,8
mentor_6048eacc,4.0,20
mentor_42010909,3.2,19
mentor_9c02e43c,4.0,8
mentor_2d7d67fc,2.6,42
mentor_7f161ae9,2.7,16
mentor_faf364e2,4.7,22
mentor_5ccf9551,4.6,19
mentor_e34a03e0,3.0,21
mentor_3baa9b27,4.7,12
mentor_02547574,3.4,21
mentor_29ca9079,3.9,29
mentor_bfd26a3b,4.0,1
mentor_4cb09b99,4.2,36
mentor_0c16400f,4.3,22
mentor_844e08d0,3.9,5
mentor_401c98c7,2.7,45
mentor_61e6221a,4.8,39
mentor_c19342d7,4.3,33
mentor_54054e66,4.7,9
mentor_024b52e0,2.8,15
mentor_533427d8,2.9,25
mentor_56bc80f7,4.4,34
mentor_457278e0,4.5,14
mentor_422e2cb4,3.5,9
mentor_0cec421d,3.6,23
mentor_f1e68743,3.4,43
mentor_f8bca112,3.3,13
mentor_1624867f,2.9,28
mentor_bcfcec40,3.7,42
mentor_eda31dc7,3.3,21
mentor_8c1ddfe5,4.1,15
mentor_df1bdce4,4.3,2
mentor_7c131433,3.8,30
mentor_a121e511,4.0,18
mentor_d57f03aa,1.8,1
mentor_22527106,3.9,49
mentor_3e0e9fbd,3.7,36
mentor_54d34091,5.0,14
mentor_91be1a82,4.5,45
mentor_ba553df0,3.0,20
mentor_1a1bb637,3.4,27
mentor_52e8e236,4.6,21
mentor_4fb12299,3.7,20
mentor_3b2cfaf1,4.9,12
mentor_c0c01fe9,2.8,1
mentor_6174ae09,3.4,22
mentor_4628dbd3,3.9,24
mentor_9101ca33,2.9,20
mentor_cb0fd0e7,2.2,1
mentor_c5478398,4.1,24
mentor_f0f2a1a4,3.4,13
mentor_0ea27379,4.2,31
mentor_af16372f,3.3,11
mentor_3ed65398,3.3,44
mentor_d3819cd2,3.0,14
mentor_051dae8d,3.0,22
mentor_231de367,3.5,17
mentor_136adad2,2.5,14
mentor_718067f1,3.6,19
mentor_5d86e43f,4.8,29
mentor_646f5991,4.7,18
mentor_f3c54bbf,3.5,28
mentor_939a6ec3,4.5,40
mentor_e5019034,3.8,23
mentor_e4df79da,3.3,31
mentor_6b047ab8,4.7,21
mentor_a448cc0e,4.3,16
mentor_0bb2613c,3.5,14
mentor_2985ffd2,3.6,24
mentor_dc7eecc8,4.5,50
mentor_41e6f76a,4.8,13
mentor_98abac95,3.0,12
mentor_d3042450,3.2,6
mentor_98a8c00e,5.0,45
mentor_6a7cc192,4.1,17
mentor_b0d3de30,3.2,25
mentor_c11b5581,3.5,5
mentor_466c2c80,2.3,30
mentor_a32d5d0d,3.8,21
mentor_133034d7,4.0,23
mentor_f53954ec,4.2,24
mentor_acd66fef,3.9,20
mentor_ad1931f0,4.7,28
mentor_c9265f0b,3.1,52
mentor_81c351d9,3.1,18
mentor_743f2f83,3.8,23
mentor_dec6b09c,3.5,6
mentor_4b9bead6,4.1,9
mentor_d038a5f6,3.5,20
mentor_1c2af84b,4.4,14
mentor_f14a3d5f,3.6,46
mentor_e7b42494,4.3,8
mentor_62a06829,3.1,22
mentor_bfe4b668,2.4,2
mentor_976ff787,2.6,22
mentor_f0c78b46,2.8,28
mentor_7ec7f999,4.3,16
mentor_6a188330,2.9,17
mentor_c662a20b,4.0,5
mentor_46db2178,3.0,30
mentor_bfc2d361,3.5,12
mentor_56de7d2a,4.1,6
mentor_1b77ede2,3.7,8
mentor_1aad22e9,4.1,16
mentor_386f2833,3.6,14
mentor_895a1818,2.4,24
mentor_ad54e43c,4.7,15
mentor_66c01d89,4.0,16
mentor_45de422e,4.1,2
mentor_b50ca85b,4.7,21
mentor_8cd8103a,4.0,11
mentor_37f44b0c,4.0,53
mentor_056edf35,3.7,17
mentor_4328d3dd,3.0,11
mentor_fce88410,3.7,21
mentor_31ab8326,2.6,16
mentor_43f4e8a6,4.0,38
mentor_bdf5908f,4.3,39
mentor_5c75aaad,4.5,19
mentor_a1e98067,3.2,22
mentor_1ef7a592,2.8,14
mentor_bd348e8f,4.0,22
mentor_43f16962,4.1,43
mentor_7db3e311,3.5,12
mentor_1af25b62,4.4,12
mentor_1c501d51,3.9,9
mentor_71088a92,2.6,16
mentor_66c68737,4.6,27
mentor_4ccf927c,3.7,5
mentor_da743c9a,4.3,36
mentor_360eeda4,3.5,10
mentor_7046466f,3.0,39
mentor_bd8cb83e,4.5,8
mentor_d6e6633f,3.9,40
mentor_62d9d22d,4.6,23
mentor_b50bd201,3.0,39
mentor_5d39c876,4.2,43
mentor_b5337c7a,4.1,7
mentor_07d81076,4.1,4
mentor_e7fe5cd5,3.4,45
mentor_37152c1c,3.8,34
mentor_ccebc8a6,4.5,14
mentor_de3a15ec,4.9,5
mentor_beabdd29,3.8,24
mentor_6416084e,4.2,27
mentor_30249735,2.8,34
mentor_c651bc16,4.1,35
mentor_7afc7d76,3.8,4
mentor_c694bb8c,4.1,7
mentor_d565e7d7,2.1,6
mentor_7eba5e47,3.6,22
mentor_15246790,3.8,8
mentor_9e88a182,4.3,17
mentor_6d9d4dce,2.8,36
mentor_a3ef542d,4.1,35
mentor_6b19d79e,3.0,29
mentor_e30bfbcc,3.3,16
mentor_3a815179,4.2,28
mentor_9b54ebf1,3.7,31
mentor_eddba5a3,4.4,39
mentor_4bde2be0,4.3,27
mentor_fcb4cdac,4.5,8
mentor_82e847ce,3.8,13
mentor_aea9ba3c,4.6,27
mentor_87eec019,4.0,18
mentor_6d0e076e,3.2,24
mentor_a2291ceb,3.5,20
mentor_52838705,4.2,19
mentor_473a1aef,3.2,19
mentor_b8daaee6,2.7,4
mentor_6cdf5f37,3.5,40
mentor_6eab1ff4,4.7,23
mentor_5eff4489,3.4,40
mentor_5b395b68,3.9,28
mentor_50462bc4,4.8,20
mentor_c86a4b85,4.3,14
mentor_132831be,3.4,33
mentor_d449453a,3.8,51
mentor_f03b1ea6,3.0,16
mentor_217563b7,3.3,9
mentor_3d789bfe,4.6,35
mentor_c06b9ac2,3.9,46
mentor_c5222282,4.4,54
mentor_30241f13,3.9,10
mentor_3e0d11bd,3.9,19
mentor_02477158,3.7,10
mentor_a8bb8d2e,3.3,11
mentor_f4461637,3.5,35
mentor_1e57ce0e,3.4,39
mentor_85f6a31b,3.4,3
mentor_ee269b0c,3.9,21
mentor_59a04b65,3.8,18
mentor_58af1e21,4.6,19
mentor_78726f97,4.2,32
mentor_e4a05777,3.5,10
mentor_16923132,4.0,9
mentor_c9c3a476,3.3,10
mentor_b2221285,2.8,20
mentor_f487724f,2.4,17
mentor_beb81dc0,3.9,33
mentor_83867443,3.5,17
mentor_e1130f4f,3.8,22
mentor_3853ab34,3.9,5
mentor_89415c0e,4.3,20
mentor_01222898,3.7,10
mentor_0f25777b,3.8,22
mentor_bfdb1bfc,2.9,18
mentor_f313baa5,3.9,17
mentor_f2b0430b,4.9,34
mentor_160f5ec8,3.8,15
mentor_bf221d85,4.1,24
mentor_63ed6af0,3.6,17
mentor_9f49876e,2.6,42
mentor_dcb90d83,3.1,7
mentor_4bb3dc87,3.9,13
mentor_102e1efb,4.2,27
mentor_36b8d8b5,3.6,41
mentor_b02d7aea,3.7,3
mentor_b6b58bb7,3.2,1
mentor_969228f9,4.9,30
mentor_fbfa84b0,2.7,30
mentor_ad4603a3,3.8,34
mentor_debaa91f,3.8,6
mentor_db18c864,4.5,28
mentor_58004c9c,4.0,20
mentor_c5640317,3.3,34
mentor_f5186d30,4.3,32
mentor_793a51c6,4.8,30
mentor_edc881a6,3.5,37
mentor_28d7af93,2.8,14
mentor_f63a4dd3,3.4,12
mentor_0422d7c0,3.2,27
mentor_967065c8,3.8,17
mentor_1fff5d0a,4.5,19
mentor_d08343c4,2.5,8
mentor_bff204d6,4.7,28
mentor_27333284,3.1,4
mentor_efe59c42,3.5,17
mentor_b3b6605b,2.7,23
mentor_5252db27,3.3,31
mentor_d8d7ae08,4.6,16
mentor_2f26a35f,3.8,11
mentor_beaf233e,3.5,5
mentor_e2c2f93b,5.0,22
mentor_b86a3e70,4.7,19
mentor_7d6d74d2,3.8,28
mentor_3ab2e70e,2.9,20
mentor_ec1d294b,4.4,27
mentor_dc17d931,4.5,17
mentor_ef78a139,4.4,39
mentor_89db1286,3.6,30
mentor_3d05eea5,2.6,55
mentor_6026b9dd,4.0,16
mentor_a3c8bbbd,5.0,6
mentor_3bd908c9,3.6,6
mentor_c316bb3c,4.3,29
mentor_b8c21f48,3.6,57
mentor_1b5a3c7b,4.2,15
mentor_2fac81ef,4.6,33
mentor_970c930b,3.2,36
mentor_bce9c98b,3.6,29
mentor_ded2f4a5,3.8,26
mentor_5356ff1f,3.8,18
mentor_e1ffe4b2,2.5,27
mentor_97398d2f,4.4,18
mentor_693059e0,3.5,7
mentor_82b5cd8e,4.4,28
mentor_55205504,3.9,27
mentor_09685128,4.4,7
mentor_565618f7,3.7,36
mentor_f5e0f8ab,3.8,20
mentor_959d1866,4.0,28
mentor_d2d40667,4.5,30
mentor_2fe5d7f0,4.6,33
mentor_2f9ccd53,4.7,32
mentor_2f06e475,4.1,27
mentor_a2890746,3.9,13
mentor_d6084a58,4.2,23
mentor_de61361c,3.1,27
mentor_e2efbcdc,3.6,16
mentor_b493e219,3.9,9
mentor_405a2ac4,4.0,44
mentor_84a3ed1c,3.3,15
mentor_75dd5b19,3.2,47
mentor_ef160fd8,3.1,30
mentor_ec14c5e6,3.9,36
mentor_1e1a28a2,4.5,23
mentor_6e303ecf,3.2,29
mentor_cf33f669,3.2,7
mentor_c854b960,4.5,24
mentor_784c7a68,4.0,12
mentor_511dbc12,3.4,35
mentor_706ee909,3.9,24
mentor_cfcec387,2.5,23
mentor_a1e03e91,3.6,30
mentor_3918c52a,2.8,28
mentor_2cefe4ea,3.7,18
mentor_11dbda52,4.6,11
mentor_b452fb8a,4.4,26
mentor_55b0d16a,3.7,25
mentor_93af26f5,3.5,8
mentor_bef35d75,3.6,12
mentor_9479d65d,3.9,27
mentor_1503899b,3.5,26
mentor_fe7d1373,4.3,36
mentor_c678376e,3.7,17
mentor_f03db20e,3.9,21
mentor_a76f0b3b,4.2,3
mentor_9d4493bd,4.7,36
mentor_c363e8ad,3.6,35
mentor_d21f7302,5.0,26
mentor_e41e20c2,3.9,25
mentor_a6b02e79,4.2,5
mentor_e3ae4a5b,3.0,45
mentor_3b5c27cd,4.8,47
mentor_0a8672a9,4.9,22
mentor_5381b207,3.7,59
mentor_3dc18435,3.1,15
mentor_084fe882,3.2,25
mentor_17db4b61,4.3,32
