profession,n_users,Backend,Blockchain,Cybersecurity,Data Science,DevOps,Frontend,Game Development,Mobile,Product Analytics,QA
A/B Test Specialist,109,0.0393,0.0205,0.0233,0.0759,0.0047,0.007,0.0261,0.0125,0.7477,0.0429
API Developer,96,0.6304,0.0198,0.0192,0.0887,0.0593,0.008,0.0174,0.0719,0.0431,0.0423
Android Developer,109,0.074,0.01,0.0049,0.0086,0.005,0.0058,0.0347,0.818,0.0102,0.0288
Angular Developer,102,0.004,0.0416,0.0047,0.0075,0.0061,0.9095,0.0055,0.002,0.007,0.0121
AppSec Engineer,97,0.0195,0.026,0.8141,0.016,0.0521,0.0034,0.0211,0.0032,0.0272,0.0175
BI Analyst,73,0.095,0.0195,0.0157,0.6874,0.0327,0.0077,0.0146,0.0101,0.0806,0.0366
Backend Developer,83,0.6448,0.0211,0.0194,0.0856,0.0567,0.0093,0.0146,0.0758,0.0378,0.0349
Blockchain Developer,133,0.0231,0.8127,0.0219,0.0156,0.006,0.0466,0.0239,0.0072,0.0235,0.0194
CI/CD Engineer,114,0.0539,0.0073,0.0446,0.0262,0.8111,0.012,0.0183,0.0133,0.0043,0.009
CRM Analyst,93,0.0354,0.0209,0.0238,0.078,0.0057,0.0096,0.0195,0.0088,0.7583,0.0401
Cloud Engineer,90,0.0596,0.0067,0.0454,0.0325,0.81,0.0096,0.0105,0.0094,0.0097,0.0066
Computer Vision Engineer,78,0.0812,0.0129,0.012,0.7078,0.0338,0.0096,0.0223,0.0055,0.0831,0.0316
Crypto Analyst,126,0.0177,0.8215,0.0209,0.0167,0.0053,0.0481,0.0184,0.0147,0.0194,0.0172
Data Analyst,83,0.0884,0.0148,0.0137,0.7227,0.0279,0.0093,0.0228,0.0055,0.0657,0.0291
Data Scientist,99,0.0862,0.0257,0.0173,0.6936,0.0277,0.0088,0.0191,0.0097,0.0789,0.0331
Database Engineer,85,0.6365,0.017,0.0142,0.0913,0.0535,0.0035,0.0203,0.0843,0.0421,0.0372
DeFi Developer,124,0.0169,0.8203,0.0203,0.0169,0.005,0.0485,0.0238,0.0067,0.0244,0.0172
DevOps Engineer,96,0.0643,0.0037,0.0462,0.0359,0.8063,0.0048,0.011,0.0109,0.0114,0.0054
Flutter Developer,100,0.086,0.0079,0.0067,0.0074,0.0073,0.0057,0.0321,0.8105,0.0081,0.0283
Frontend Developer,103,0.0061,0.0449,0.0074,0.0087,0.0131,0.8929,0.0064,0.0044,0.0072,0.0087
Game Designer,135,0.0217,0.0235,0.016,0.0213,0.0093,0.0082,0.7925,0.0374,0.0241,0.046
Game Developer,124,0.0164,0.0182,0.0174,0.0172,0.0112,0.0057,0.8087,0.0336,0.0242,0.0473
Gameplay Programmer,122,0.021,0.022,0.0175,0.02,0.0098,0.0083,0.7923,0.0373,0.0261,0.0457
Go Developer,82,0.6227,0.023,0.0175,0.0864,0.062,0.0036,0.0215,0.0874,0.0409,0.035
Growth Analyst,97,0.0349,0.0294,0.0178,0.0705,0.0081,0.0123,0.0212,0.0049,0.763,0.0378
Incident Response Analyst,115,0.0196,0.0247,0.8267,0.0173,0.0407,0.0048,0.0185,0.0073,0.0222,0.0181
Infrastructure Engineer,82,0.0696,0.0085,0.0463,0.0386,0.7917,0.0118,0.009,0.0115,0.0059,0.0071
Java Developer,78,0.6078,0.0296,0.0168,0.0856,0.0706,0.0073,0.0234,0.0744,0.0485,0.0358
Kotlin Developer,83,0.0798,0.0095,0.0094,0.008,0.0096,0.0092,0.0325,0.8107,0.0043,0.027
Kubernetes Engineer,100,0.0642,0.0039,0.0491,0.033,0.8084,0.011,0.009,0.0091,0.0072,0.0052
ML Engineer,96,0.0823,0.0191,0.0171,0.7122,0.0278,0.0077,0.019,0.0116,0.0722,0.0311
MLOps Engineer,87,0.0847,0.0174,0.0134,0.7091,0.0369,0.0078,0.0172,0.008,0.0725,0.0328
Malware Analyst,92,0.0167,0.0272,0.8141,0.0154,0.0463,0.0101,0.0167,0.0072,0.0249,0.0213
Manual Tester,93,0.032,0.0183,0.0183,0.0316,0.0084,0.01,0.052,0.0289,0.0394,0.761
Marketing Analyst,110,0.0406,0.0214,0.0283,0.07,0.0106,0.0086,0.0288,0.0075,0.7466,0.0375
Mobile Architect,92,0.0885,0.0063,0.005,0.007,0.0089,0.0057,0.0366,0.7975,0.0064,0.0381
NLP Engineer,94,0.0835,0.0163,0.0147,0.7191,0.0303,0.0102,0.0193,0.0113,0.0682,0.0272
Penetration Tester,87,0.0171,0.027,0.8134,0.0177,0.0504,0.0078,0.0192,0.0067,0.0241,0.0167
Performance Tester,94,0.0334,0.0193,0.0162,0.0289,0.0024,0.0119,0.0486,0.0353,0.038,0.766
Platform Engineer,98,0.0668,0.0059,0.0393,0.0284,0.8191,0.011,0.0068,0.0076,0.0084,0.0067
Product Analyst,118,0.0438,0.0202,0.0214,0.0716,0.0072,0.0103,0.0242,0.0067,0.7522,0.0425
Python Developer,75,0.6323,0.018,0.0178,0.085,0.0689,0.0116,0.0185,0.0788,0.0375,0.0316
QA Engineer,109,0.0387,0.0254,0.0194,0.0346,0.0137,0.0095,0.0463,0.0286,0.0471,0.7367
QA Lead,81,0.0365,0.016,0.0163,0.0362,0.006,0.0138,0.0503,0.0255,0.0415,0.7579
React Developer,103,0.0049,0.0486,0.0047,0.0114,0.0081,0.8855,0.0056,0.0111,0.0117,0.0083
React Native Developer,112,0.0682,0.0094,0.0081,0.0146,0.0156,0.0039,0.0394,0.8003,0.0059,0.0347
Research Scientist,89,0.0847,0.0166,0.0225,0.7038,0.0269,0.0117,0.0174,0.0093,0.0745,0.0327
Retention Analyst,109,0.0357,0.0225,0.0213,0.0654,0.0071,0.0088,0.0237,0.0056,0.7712,0.0388
SDET,80,0.0323,0.0219,0.014,0.0284,0.0047,0.0085,0.0447,0.033,0.0381,0.7745
SOC Analyst,87,0.0156,0.0234,0.8079,0.0173,0.0436,0.0052,0.0258,0.0149,0.0248,0.0215
SRE,104,0.0668,0.0051,0.0499,0.0289,0.8041,0.013,0.0115,0.0061,0.0067,0.0077
Security Architect,101,0.0145,0.0202,0.8354,0.0142,0.0483,0.007,0.0196,0.0106,0.0172,0.013
Security Engineer,95,0.0189,0.0201,0.8251,0.0179,0.0412,0.0105,0.017,0.0053,0.0267,0.0173
Smart Contract Developer,110,0.0202,0.8158,0.0206,0.0176,0.0051,0.0538,0.0169,0.0084,0.0222,0.0194
Software Engineer,97,0.6562,0.0199,0.0162,0.081,0.0647,0.0036,0.0154,0.0786,0.0347,0.0299
Solidity Developer,109,0.0202,0.8232,0.0212,0.015,0.0032,0.0518,0.0169,0.0072,0.0234,0.018
Swift Developer,112,0.0881,0.0107,0.0106,0.009,0.0074,0.0037,0.0355,0.7934,0.0092,0.0323
Systems Architect,74,0.6242,0.0178,0.0146,0.0912,0.061,0.0036,0.0225,0.0912,0.0412,0.0326
Technical Artist,126,0.0179,0.0218,0.024,0.0174,0.0128,0.0071,0.8023,0.0286,0.0235,0.0445
Test Analyst,105,0.0357,0.0184,0.0172,0.0346,0.0031,0.0118,0.0482,0.03,0.0469,0.7541
Test Automation Engineer,124,0.0335,0.0177,0.0178,0.0284,0.0066,0.0075,0.0436,0.0317,0.0358,0.7772
TypeScript Developer,98,0.0086,0.0491,0.0095,0.0101,0.0086,0.8805,0.0127,0.0043,0.0105,0.0061
UI Developer,94,0.0054,0.0507,0.0054,0.0092,0.0079,0.893,0.0057,0.0022,0.0107,0.0098
Unity Developer,102,0.0155,0.0225,0.0209,0.0201,0.0084,0.0041,0.8115,0.0313,0.0241,0.0415
Unreal Engine Developer,112,0.0145,0.0168,0.0149,0.0145,0.0101,0.0121,0.8118,0.0363,0.0192,0.0497
Vue Developer,118,0.007,0.0469,0.0059,0.0079,0.0091,0.8851,0.0088,0.0044,0.0091,0.0157
Web Analyst,77,0.0418,0.0249,0.0186,0.0721,0.0046,0.0118,0.0191,0.0035,0.7682,0.0355
Web Developer,99,0.0043,0.052,0.0057,0.0051,0.0126,0.8926,0.0064,0.0075,0.0086,0.0052
Web3 Engineer,124,0.0168,0.8254,0.0251,0.0187,0.0069,0.0392,0.0199,0.0093,0.0194,0.0193
iOS Developer,102,0.074,0.0133,0.0085,0.0086,0.0116,0.0073,0.0392,0.8021,0.008,0.0275
